action,x1,y1,z1,x2,y2,z2,x3,y3,z3,x4,y4,z4,x5,y5,z5
fel,-381.349396,-269.253387,-116.813377,-45.249886,-256.332245,-89.417160,150.056244,-87.576866,42.188335,242.867905,18.962461,76.399940,428.462341,293.971802,641.771301
fel,-376.021545,-272.967926,-133.821198,-61.291061,-241.356766,-93.077553,143.094406,-77.135376,34.819637,215.708588,6.728501,58.470631,418.830933,280.534210,641.699524
fel,-371.472626,-270.972260,-142.165512,-33.497070,-232.640335,-80.189026,160.922134,-66.725060,54.446323,238.968887,23.842035,79.471870,418.830933,280.534210,641.699524
fel,-391.170746,-288.454712,-141.190826,-53.679672,-241.145935,-96.715271,129.194000,-86.305061,32.738186,215.872284,5.572473,62.609039,418.830933,280.534210,641.699524
fel,-397.024536,-299.664978,-151.170349,-70.518257,-250.302734,-106.209557,120.442680,-91.443016,24.323040,206.199936,-0.270382,53.590782,418.830933,280.534210,641.699524
fel,-402.619324,-310.924957,-160.060577,-95.907104,-260.925934,-125.503090,94.962051,-107.169472,8.687976,187.205673,-13.422401,40.490658,418.830933,280.534210,641.699524
fel,-396.815582,-307.612213,-165.334641,-49.509300,-234.772522,-90.704681,127.729492,-92.300835,30.771589,227.205231,14.607721,70.046143,418.830933,280.534210,641.699524
fel,-397.566193,-295.194550,-140.169006,-83.878326,-248.446228,-116.194031,104.717148,-94.015938,16.772200,195.360474,-4.833897,47.801136,418.830933,280.534210,641.699524
fel,-399.101318,-298.754547,-144.493881,-87.918877,-249.264771,-115.683456,82.173401,-110.198380,4.840273,177.587341,-16.005512,37.262680,418.830933,280.534210,641.699524
fel,-399.721954,-297.144623,-144.477615,-94.899422,-249.127594,-119.680367,90.307693,-103.746193,10.361891,180.376755,-12.554762,40.862190,418.830933,280.534210,641.699524
fel,-395.952148,-297.023560,-146.067749,-78.101021,-236.151321,-106.929611,80.401718,-112.058167,3.711437,174.713516,-17.324944,33.566151,418.830933,280.534210,641.699524
fel,-383.715027,-285.486206,-147.043274,-59.337616,-241.849670,-90.170319,101.545082,-103.462227,23.040371,214.687134,6.671174,66.217720,418.830933,280.534210,641.699524
fel,-382.574371,-289.407867,-154.030991,-67.329002,-243.082047,-98.778656,110.788322,-93.083611,25.563776,215.963242,12.254032,66.046242,418.830933,280.534210,641.699524
fel,-392.966644,-293.456055,-140.582321,-86.856766,-253.171982,-109.786636,104.479370,-98.561722,20.559486,193.295013,-10.232209,45.557766,418.830933,280.534210,641.699524
fel,-409.922607,-314.201080,-143.775528,-118.588478,-257.442841,-130.561752,46.428600,-128.958237,-16.132189,153.451157,-32.136024,19.176573,418.830933,280.534210,641.699524
fel,-396.805481,-304.857330,-150.119492,-92.831039,-239.286224,-106.077644,66.144066,-124.371750,1.849221,168.973984,-30.042299,33.828644,418.830933,280.534210,641.699524
fel,-386.683533,-298.856934,-155.092026,-94.740852,-242.712646,-109.819481,91.127159,-104.913788,12.824813,192.940079,-11.144650,48.404476,418.830933,280.534210,641.699524
fel,-388.188507,-301.862823,-160.746124,-85.226219,-239.407883,-111.793221,90.154541,-107.173759,4.865677,194.051392,-10.739505,43.324112,418.830933,280.534210,641.699524
fel,-405.244720,-320.065460,-161.335403,-130.055466,-274.655151,-138.717758,43.227444,-137.586609,-20.397974,158.241867,-32.616627,22.568933,418.830933,280.534210,641.699524
fel,-406.325867,-327.913513,-169.621292,-105.695808,-266.762054,-112.666458,68.620850,-135.545349,3.377147,180.597488,-28.868486,43.224567,418.830933,280.534210,641.699524
fel,-395.716125,-318.001740,-162.337570,-60.047848,-250.789490,-80.757210,79.980431,-146.849930,4.853198,184.234451,-43.776703,35.648144,418.830933,280.534210,641.699524
fel,-397.876465,-309.219879,-160.361542,-70.938301,-248.506714,-100.791382,87.373840,-128.105148,9.264050,193.595688,-20.496784,46.934074,418.830933,280.534210,641.699524
fel,-398.750977,-314.142456,-164.744278,-64.191414,-252.669281,-82.820717,79.095245,-140.253586,15.669037,193.554611,-29.982494,57.119362,418.830933,280.534210,641.699524
fel,-385.025726,-291.717316,-150.138931,-70.330429,-247.832809,-93.807915,82.559166,-122.466774,15.145273,192.726807,-13.095680,54.605358,418.830933,280.534210,641.699524
fel,-395.781219,-304.883942,-153.463409,-88.159935,-250.745590,-108.615707,59.390827,-137.822144,-10.714227,172.333481,-31.877777,30.246462,418.830933,280.534210,641.699524
fel,-394.934113,-307.390869,-162.442322,-79.290237,-244.205612,-104.435547,96.512405,-108.826836,18.199539,203.017944,-6.189117,56.913612,418.830933,280.534210,641.699524
fel,-399.592346,-318.942291,-161.964111,-115.230743,-282.450775,-115.940842,49.184948,-155.283661,-2.216863,155.743317,-54.625114,27.771141,418.830933,280.534210,641.699524
fel,-402.833557,-326.245758,-173.339294,-102.320641,-270.777924,-117.974731,53.676266,-151.947098,-10.096730,164.401627,-47.418449,23.252752,418.830933,280.534210,641.699524
fel,-422.668823,-339.065460,-185.130402,-121.937820,-272.804718,-143.946014,23.755379,-164.039688,-47.803989,165.117096,-9.204792,25.095268,418.830933,280.534210,641.699524
fel,-404.789124,-327.037018,-159.008148,-110.409393,-297.611603,-96.310204,47.973511,-181.390091,14.749894,154.023499,-63.551105,45.246002,418.830933,280.534210,641.699524
fel,-408.320709,-332.638794,-186.689789,-117.805618,-273.536499,-116.827263,30.106480,-168.911942,-14.646298,143.535873,-55.208027,17.602430,418.830933,280.534210,641.699524
fel,-422.018768,-341.174072,-168.546204,-127.114410,-295.738342,-119.220284,23.503448,-184.203888,-14.089206,135.412811,-75.620956,17.290035,418.830933,280.534210,641.699524
fel,-409.058167,-327.437073,-167.973541,-115.001945,-270.540497,-116.577805,47.753723,-155.741669,-7.587967,146.998764,-57.534107,16.787689,418.830933,280.534210,641.699524
fel,-411.708832,-339.518524,-192.474884,-113.080368,-284.767700,-122.035378,62.308346,-157.164658,-5.665010,176.898972,-41.784042,29.385406,418.830933,280.534210,641.699524
fel,-408.971680,-328.025024,-180.267303,-121.317558,-282.979401,-125.621384,72.860893,-136.135117,9.258331,172.922150,-35.713043,36.328655,418.830933,280.534210,641.699524
fel,-400.086914,-319.418030,-162.651352,-110.957840,-262.402344,-107.928284,62.130116,-142.514725,7.823616,159.729416,-39.549042,38.611900,418.830933,280.534210,641.699524
fel,-416.228302,-334.691986,-179.202454,-113.515602,-273.717896,-123.282875,67.387039,-135.792969,5.837177,174.118088,-24.909193,37.968971,421.568390,282.367767,645.893616
fel,-418.106750,-337.670959,-174.841476,-163.557358,-292.134735,-147.668655,-12.261475,-191.940018,-47.057499,112.601730,-73.868103,-8.494308,418.830933,280.534210,641.699524
fel,-410.264832,-327.193542,-157.360214,-147.175095,-280.308746,-131.227280,18.329903,-167.782608,-19.772650,119.446861,-60.018875,9.823709,418.830933,280.534210,641.699524
fel,-411.746185,-328.404053,-157.211212,-152.065567,-283.479675,-134.132980,6.078030,-181.434021,-31.087847,83.956230,-94.574799,-22.876070,418.830933,280.534210,641.699524
fel,-411.315308,-316.194916,-155.029816,-99.221657,-252.326050,-120.750275,56.457977,-139.269455,-12.803045,152.738083,-39.829609,18.623644,421.568390,282.367767,645.893616
fel,-378.902802,-280.316498,-125.619621,-70.101212,-225.341034,-91.135933,86.953049,-106.319656,22.430077,175.483429,-10.923667,54.935455,418.830933,280.534210,641.699524
fel,-402.933197,-316.680084,-160.618622,-87.665405,-242.581482,-106.037224,94.391373,-100.714134,22.284094,174.465912,-16.291965,47.675358,418.830933,280.534210,641.699524
fel,-397.137695,-302.896973,-140.660995,-89.516594,-246.617371,-106.230774,66.710052,-124.878105,2.839294,172.711838,-22.589594,40.870388,418.830933,280.534210,641.699524
fel,-408.277954,-314.880829,-143.644669,-121.723862,-251.377853,-121.418152,21.945715,-148.869095,-22.131773,131.744965,-51.164677,14.087749,418.830933,280.534210,641.699524
fel,-407.831604,-329.887756,-170.788300,-127.422882,-261.956482,-131.991226,36.641750,-140.952316,-15.137890,134.944656,-50.174625,14.776096,418.830933,280.534210,641.699524
fel,-414.405518,-336.879333,-173.351761,-131.402100,-275.184784,-129.832596,16.014591,-169.742188,-26.957706,125.770004,-65.153503,11.148979,418.830933,280.534210,641.699524
fel,-402.470642,-318.982086,-154.588394,-119.391777,-261.240723,-113.351524,37.910240,-145.937057,-3.883148,145.567535,-42.834995,31.043156,418.830933,280.534210,641.699524
fel,-400.411591,-320.963593,-168.870163,-117.005043,-257.139557,-120.429451,33.208256,-152.056061,-17.281187,147.194138,-45.199314,20.552832,418.830933,280.534210,641.699524
fel,-400.094269,-314.270386,-156.939285,-110.271317,-240.471710,-111.929985,30.051662,-146.100677,-16.663185,142.072708,-36.373764,25.039612,418.830933,280.534210,641.699524
fel,-392.056122,-312.481598,-160.666367,-125.019539,-260.836029,-115.432152,25.350065,-165.801147,-9.814555,137.890076,-53.390759,27.087967,418.830933,280.534210,641.699524
fel,-389.190430,-298.152130,-128.663300,-121.003700,-252.194611,-109.870552,9.818987,-155.140045,-12.836011,121.338806,-50.393223,18.821819,418.830933,280.534210,641.699524
fel,-400.894226,-308.071136,-156.720901,-87.704224,-234.091476,-108.879501,55.058289,-132.120667,-6.249606,167.798569,-27.498171,32.530506,418.830933,280.534210,641.699524
fel,-399.463562,-321.981567,-175.077133,-74.978554,-235.251312,-99.148972,63.560127,-134.964325,-4.298990,189.847900,-15.982137,44.363853,418.830933,280.534210,641.699524
fel,-398.213654,-317.891663,-158.585983,-101.740295,-257.207336,-98.182510,26.998699,-159.901550,-8.142089,154.803101,-42.327076,38.021267,418.830933,280.534210,641.699524
fel,-383.638885,-289.385284,-135.933456,-108.650604,-235.451355,-111.775429,38.079208,-127.865723,-12.304914,157.013031,-20.197866,33.176636,418.830933,280.534210,641.699524
fel,-379.451721,-290.691223,-143.477264,-112.774727,-238.116455,-108.467163,46.995365,-126.358490,2.215461,160.716675,-19.528128,43.812412,418.830933,280.534210,641.699524
fel,-399.362183,-307.442902,-148.237366,-159.661530,-277.281525,-153.806137,-3.377023,-171.319397,-45.409332,124.145638,-55.370266,0.448699,418.830933,280.534210,641.699524
fel,-362.918945,-272.532410,-148.627304,-85.776550,-232.955124,-104.644890,77.808014,-118.324493,8.059402,189.243851,-2.831555,54.824291,418.830933,280.534210,641.699524
fel,-383.291534,-295.678833,-160.956741,-109.893867,-257.768402,-117.686920,27.199034,-161.626160,-21.519657,145.591080,-47.386742,22.471809,418.830933,280.534210,641.699524
fel,-360.864258,-274.105133,-130.925247,-133.437714,-256.108673,-124.925018,19.389788,-148.060730,-22.436743,143.301758,-32.277565,21.823059,418.830933,280.534210,641.699524
fel,-376.120850,-290.377045,-146.979904,-134.434570,-274.472687,-125.910255,16.663593,-169.710999,-19.362339,136.347656,-51.688839,27.240746,418.830933,280.534210,641.699524
fel,-369.928101,-287.696869,-158.557114,-135.646820,-275.564697,-123.537361,18.832714,-173.347290,-15.189566,147.594971,-51.830494,32.394646,418.830933,280.534210,641.699524
fel,-369.585236,-270.369995,-119.266487,-110.818436,-248.194855,-102.594604,46.423439,-136.547897,6.474808,160.138824,-23.758354,54.404716,418.830933,280.534210,641.699524
fel,-345.614380,-250.071228,-113.465164,-83.413643,-242.495346,-86.731888,70.643181,-122.827034,22.150646,179.104141,-7.938056,66.249641,418.830933,280.534210,641.699524
fel,-387.196655,-293.178925,-144.428284,-140.786942,-273.946777,-115.725182,14.768250,-160.459839,-12.274923,124.325142,-48.876942,27.006371,418.830933,280.534210,641.699524
fel,-387.920654,-293.943420,-146.405930,-132.727905,-265.290283,-130.792145,19.734787,-154.055923,-21.974501,131.670959,-46.265179,17.724604,418.830933,280.534210,641.699524
fel,-368.711487,-275.500549,-134.098389,-129.645050,-259.575317,-119.621353,9.438879,-163.480392,-22.606251,116.785545,-60.976883,12.635860,418.830933,280.534210,641.699524
fel,-384.396362,-287.883392,-144.352509,-120.591316,-271.903778,-121.622498,52.136086,-136.819290,1.265597,153.773590,-32.165203,33.144802,418.830933,280.534210,641.699524
fel,-384.426147,-290.401550,-137.068329,-100.628906,-252.523651,-97.136192,39.573605,-146.380875,3.503965,130.591812,-54.380028,21.832546,418.830933,280.534210,641.699524
fel,-366.774323,-262.234131,-117.272346,-86.932846,-243.949753,-97.098251,65.083565,-122.597099,9.624305,154.430893,-26.620684,35.791466,418.830933,280.534210,641.699524
fel,-361.559998,-257.049347,-130.643021,-60.380299,-232.047501,-90.121841,107.502563,-100.078056,27.144808,228.702667,28.634367,85.919426,418.830933,280.534210,641.699524
fel,-363.650665,-264.828125,-126.334892,-89.169571,-246.815308,-96.855560,85.311882,-115.682144,27.040052,204.507614,1.907634,72.338730,418.830933,280.534210,641.699524
fel,-375.042084,-273.560059,-131.001526,-120.713638,-264.826599,-125.597954,53.120953,-144.475388,-6.699970,182.929138,-16.560242,49.098064,421.568390,282.367767,645.893616
fel,-368.965942,-278.286072,-151.803833,-107.091385,-249.867889,-118.274071,65.423897,-127.693207,0.517272,197.988647,-5.686326,54.911453,421.568390,282.367767,645.893616
fel,-364.904572,-262.976257,-133.128632,-126.861687,-264.045380,-134.849991,27.251892,-153.690292,-26.007959,162.796417,-30.469471,28.112478,418.830933,280.534210,641.699524
fel,-361.458740,-265.075653,-136.084076,-137.897385,-256.265350,-130.653305,16.740089,-150.532852,-21.495514,152.895294,-27.683290,31.898329,418.830933,280.534210,641.699524
fel,-356.587341,-258.408478,-132.249908,-113.953972,-249.932663,-120.167656,56.693466,-134.940613,-2.367619,188.290359,-12.648472,49.259697,418.830933,280.534210,641.699524
fel,-372.361053,-280.793243,-149.682312,-142.598404,-264.229675,-139.962570,16.630531,-153.147919,-26.242487,161.269196,-28.455526,28.270216,418.830933,280.534210,641.699524
fel,-381.363739,-286.861298,-148.908676,-176.525421,-282.247589,-150.793869,-26.196568,-169.642578,-36.055569,115.097404,-44.847965,15.387826,418.830933,280.534210,641.699524
fel,-358.866150,-264.637726,-146.159592,-142.376083,-252.088821,-139.628891,1.322450,-150.883408,-35.901787,152.088120,-19.068008,33.715881,418.830933,280.534210,641.699524
fel,-371.066071,-276.494263,-138.684036,-158.974014,-264.120758,-146.825714,-9.065331,-163.777145,-45.524525,135.531479,-37.552383,14.911869,421.568390,282.367767,645.893616
fel,-358.507965,-261.573090,-140.071884,-143.470200,-262.460999,-139.947845,15.905029,-153.377014,-27.754189,155.779800,-28.850307,30.076590,418.830933,280.534210,641.699524
fel,-368.860291,-268.781677,-139.004837,-147.419891,-267.520660,-143.568710,10.583430,-155.239243,-31.155546,152.756683,-27.666279,28.309164,418.830933,280.534210,641.699524
fel,-374.767151,-264.492615,-111.503899,-158.560364,-279.461060,-146.235382,-22.599276,-183.917450,-47.420635,125.628197,-44.063637,19.452829,418.830933,280.534210,641.699524
fel,-354.728577,-251.314316,-113.963455,-114.670700,-246.486633,-114.508041,35.719471,-139.015472,-7.818319,417.125488,283.259460,654.708923,421.568390,282.367767,645.893616
fel,-360.417419,-254.825302,-124.383278,-120.473488,-252.375122,-127.133240,35.077187,-143.476501,-17.364479,421.568390,282.367767,645.893616,421.568390,282.367767,645.893616
fel,-369.198914,-273.186768,-146.070847,-134.264114,-250.704361,-139.081741,21.745632,-139.183105,-30.139709,421.568390,282.367767,645.893616,421.568390,282.367767,645.893616
fel,-378.464783,-293.105560,-161.212784,-156.150467,-265.410919,-149.737839,5.193358,-145.637726,-33.719616,421.568390,282.367767,645.893616,421.568390,282.367767,645.893616
fel,-365.547882,-281.448975,-164.639008,-163.795746,-263.896210,-153.726013,10.228987,-151.165222,-37.820930,421.568390,282.367767,645.893616,421.568390,282.367767,645.893616
fel,-369.594696,-288.915405,-170.176376,-163.940460,-268.070618,-155.475204,35.510925,-132.181931,-20.199841,421.568390,282.367767,645.893616,421.568390,282.367767,645.893616
fel,-359.658813,-275.021118,-159.792770,-121.614441,-237.443008,-122.800247,54.718208,-112.208794,1.999708,421.568390,282.367767,645.893616,421.568390,282.367767,645.893616
fel,-362.285980,-277.698914,-168.024200,-114.317337,-231.940094,-122.274834,33.962650,-131.854767,-21.850203,421.568390,282.367767,645.893616,421.568390,282.367767,645.893616
fel,-353.122620,-268.516907,-169.463181,-96.938599,-221.565613,-112.819275,57.226959,-118.368385,-8.593623,418.830933,280.534210,641.699524,418.830933,280.534210,641.699524
fel,-361.606201,-286.665924,-185.073669,-125.462021,-242.291565,-124.768196,31.635002,-137.387283,-12.396401,421.568390,282.367767,645.893616,421.568390,282.367767,645.893616
fel,-384.034882,-298.667358,-171.187988,-147.184845,-263.231476,-143.734787,408.438202,270.213989,633.134766,421.568390,282.367767,645.893616,421.568390,282.367767,645.893616
fel,-375.126068,-296.121063,-183.018646,-137.046844,-251.028076,-136.943420,421.568390,282.367767,645.893616,421.568390,282.367767,645.893616,421.568390,282.367767,645.893616
fel,-375.971619,-289.571564,-164.659988,-158.245270,-261.398987,-150.897614,421.568390,282.367767,645.893616,421.568390,282.367767,645.893616,421.568390,282.367767,645.893616
fel,-355.935364,-276.485382,-168.973480,-100.264328,-232.111176,-109.325211,421.568390,282.367767,645.893616,421.568390,282.367767,645.893616,421.568390,282.367767,645.893616
fel,-361.593567,-271.536774,-156.759888,-115.218117,-225.620255,-122.084267,421.568390,282.367767,645.893616,421.568390,282.367767,645.893616,421.568390,282.367767,645.893616
fel,-354.083923,-268.597931,-166.481934,-55.813602,-207.693893,-90.578445,421.568390,282.367767,645.893616,421.568390,282.367767,645.893616,421.568390,282.367767,645.893616
fel,-345.452087,-263.000732,-167.971619,-52.613625,-203.721054,-87.897102,421.568390,282.367767,645.893616,421.568390,282.367767,645.893616,421.568390,282.367767,645.893616
fel,-353.535278,-277.301147,-175.688553,-109.874870,-228.515060,-121.152008,421.568390,282.367767,645.893616,421.568390,282.367767,645.893616,421.568390,282.367767,645.893616
fel,-367.073547,-290.669891,-185.617523,-131.342224,-245.415085,-137.714554,421.568390,282.367767,645.893616,421.568390,282.367767,645.893616,421.568390,282.367767,645.893616
fel,-368.512756,-287.738556,-174.154053,-106.944084,-227.984985,-116.736885,421.568390,282.367767,645.893616,421.568390,282.367767,645.893616,421.568390,282.367767,645.893616
fel,-374.179840,-290.600739,-167.268967,-128.447983,-243.879120,-137.296402,421.568390,282.367767,645.893616,421.568390,282.367767,645.893616,421.568390,282.367767,645.893616
fel,-376.172150,-296.792542,-183.752777,-84.754128,-218.715530,-106.779289,421.568390,282.367767,645.893616,421.568390,282.367767,645.893616,421.568390,282.367767,645.893616
fel,-372.356140,-283.312683,-163.396500,-78.218628,-210.500488,-102.260284,421.568390,282.367767,645.893616,421.568390,282.367767,645.893616,421.568390,282.367767,645.893616
fel,-363.690460,-281.670990,-168.687775,-98.425125,-230.634293,-121.253212,421.568390,282.367767,645.893616,421.568390,282.367767,645.893616,421.568390,282.367767,645.893616
fel,-368.000336,-291.633209,-183.037979,-65.137344,-206.114807,-96.038521,421.568390,282.367767,645.893616,421.568390,282.367767,645.893616,421.568390,282.367767,645.893616
fel,-369.379822,-289.766754,-176.517548,-84.563942,-221.427734,-112.133240,421.568390,282.367767,645.893616,421.568390,282.367767,645.893616,421.568390,282.367767,645.893616
fel,-381.566681,-300.833099,-180.467972,-115.267014,-236.938034,-124.897179,421.568390,282.367767,645.893616,421.568390,282.367767,645.893616,421.568390,282.367767,645.893616
fel,-393.031921,-309.477844,-182.338623,-114.563507,-244.419464,-132.149109,421.568390,282.367767,645.893616,421.568390,282.367767,645.893616,421.568390,282.367767,645.893616
fel,-378.358246,-294.407928,-178.845016,-100.486336,-230.319138,-119.928581,421.568390,282.367767,645.893616,421.568390,282.367767,645.893616,421.568390,282.367767,645.893616
fel,-371.350525,-290.094513,-175.562531,-97.559692,-231.428665,-122.728508,421.568390,282.367767,645.893616,421.568390,282.367767,645.893616,421.568390,282.367767,645.893616
fel,-375.630432,-295.581085,-179.522278,-107.370491,-227.350845,-123.132179,421.568390,282.367767,645.893616,421.568390,282.367767,645.893616,421.568390,282.367767,645.893616
fel,-382.078430,-300.043304,-180.016586,-111.458778,-232.775314,-124.004135,421.568390,282.367767,645.893616,421.568390,282.367767,645.893616,421.568390,282.367767,645.893616
fel,-364.484650,-279.646912,-169.328506,-93.555107,-223.758774,-111.150291,421.568390,282.367767,645.893616,421.568390,282.367767,645.893616,421.568390,282.367767,645.893616
fel,-362.986572,-283.701630,-175.525604,-82.486084,-227.399063,-101.186386,421.568390,282.367767,645.893616,421.568390,282.367767,645.893616,421.568390,282.367767,645.893616
fel,-358.197815,-290.651031,-192.569290,-88.571800,-222.633789,-117.585999,421.568390,282.367767,645.893616,421.568390,282.367767,645.893616,421.568390,282.367767,645.893616
fel,-372.483246,-304.761292,-199.016083,-98.051567,-241.005020,-116.645042,421.568390,282.367767,645.893616,421.568390,282.367767,645.893616,421.568390,282.367767,645.893616
fel,-375.405548,-303.453705,-191.277786,-115.088287,-246.184128,-127.516479,421.568390,282.367767,645.893616,421.568390,282.367767,645.893616,421.568390,282.367767,645.893616
fel,-370.865234,-296.879028,-192.375366,-117.074249,-245.388702,-127.798164,421.568390,282.367767,645.893616,421.568390,282.367767,645.893616,421.568390,282.367767,645.893616
fel,-348.024017,-270.392517,-173.502060,-104.932655,-234.254120,-119.710114,421.568390,282.367767,645.893616,421.568390,282.367767,645.893616,421.568390,282.367767,645.893616
fel,-372.131561,-298.902466,-193.404678,-119.343224,-244.918167,-121.546997,421.568390,282.367767,645.893616,421.568390,282.367767,645.893616,421.568390,282.367767,645.893616
fel,-381.831451,-307.267120,-190.833847,-124.966980,-254.093948,-132.805237,421.568390,282.367767,645.893616,421.568390,282.367767,645.893616,421.568390,282.367767,645.893616
fel,-370.806702,-296.183807,-180.345581,-110.419876,-240.254776,-118.526176,421.568390,282.367767,645.893616,421.568390,282.367767,645.893616,421.568390,282.367767,645.893616
fel,-371.306366,-294.510223,-181.938309,-130.909012,-249.784012,-132.658234,421.568390,282.367767,645.893616,421.568390,282.367767,645.893616,421.568390,282.367767,645.893616
fel,-383.235077,-311.100037,-197.631592,-107.004318,-235.231262,-116.203461,421.568390,282.367767,645.893616,421.568390,282.367767,645.893616,421.568390,282.367767,645.893616
fel,-355.993317,-269.011932,-166.279770,-53.938667,-189.352356,-89.845695,421.568390,282.367767,645.893616,421.568390,282.367767,645.893616,421.568390,282.367767,645.893616
fel,-362.171509,-279.635834,-168.123489,-61.722382,-211.577560,-91.188560,421.568390,282.367767,645.893616,421.568390,282.367767,645.893616,421.568390,282.367767,645.893616
fel,-378.277740,-293.098267,-170.519028,-97.939682,-228.518860,-111.694405,421.568390,282.367767,645.893616,421.568390,282.367767,645.893616,421.568390,282.367767,645.893616
fel,-381.030975,-303.772919,-189.854309,-120.235031,-245.098160,-133.255203,421.568390,282.367767,645.893616,421.568390,282.367767,645.893616,421.568390,282.367767,645.893616
fel,-388.854279,-304.314056,-173.663025,-113.772667,-228.223175,-122.965790,421.568390,282.367767,645.893616,421.568390,282.367767,645.893616,421.568390,282.367767,645.893616
fel,-395.536896,-307.440277,-169.608322,-115.965759,-228.462677,-122.553467,421.568390,282.367767,645.893616,421.568390,282.367767,645.893616,421.568390,282.367767,645.893616
fel,-352.313965,-262.547729,-145.394867,-68.525154,-192.281555,-97.090775,421.568390,282.367767,645.893616,421.568390,282.367767,645.893616,421.568390,282.367767,645.893616
fel,-343.738831,-247.142197,-134.462387,-73.856880,-191.263626,-98.658150,421.568390,282.367767,645.893616,421.568390,282.367767,645.893616,421.568390,282.367767,645.893616
fel,-372.803864,-288.531647,-173.819901,-120.848434,-241.873566,-130.875031,421.568390,282.367767,645.893616,421.568390,282.367767,645.893616,421.568390,282.367767,645.893616
fel,-371.964691,-276.822876,-146.487686,-105.999138,-233.278534,-114.665504,421.568390,282.367767,645.893616,421.568390,282.367767,645.893616,421.568390,282.367767,645.893616
fel,-293.027649,-85.816605,61.883320,319.055389,161.949860,181.060059,421.568390,282.367767,645.893616,421.568390,282.367767,645.893616,421.568390,282.367767,645.893616
boink,1136.337524,842.184753,1242.672607,-281.450226,-115.934967,669.808594,-240.753830,-57.082565,784.846924,-109.097008,147.945175,856.097473,418.830933,280.534210,641.699524
boink,1325.095703,1059.939819,1299.494019,-291.473022,-76.789368,687.012634,-279.305908,-102.701958,761.698914,-138.878510,131.360519,888.578735,418.830933,280.534210,641.699524
boink,1316.031860,1047.980835,1277.571899,-305.091797,-100.718369,656.373840,-287.315094,-112.867142,748.069275,-161.424988,98.846375,856.485229,418.830933,280.534210,641.699524
boink,1313.135132,1048.832642,1271.591553,-310.747345,-108.824783,648.372437,-291.402740,-117.315125,741.652039,-175.011841,81.051071,841.098633,418.830933,280.534210,641.699524
boink,1322.104858,1055.974487,1280.103027,-313.299530,-110.399643,652.028442,-292.993469,-117.869759,746.855347,-177.753387,79.338615,844.660400,421.568390,282.367767,645.893616
boink,1313.370850,1048.826538,1271.707031,-310.736664,-109.701561,647.677795,-291.638702,-117.235184,742.354248,-176.894211,77.651161,838.939697,418.830933,280.534210,641.699524
boink,1313.984253,1048.997681,1272.158691,-311.483032,-110.175095,647.083435,-290.858459,-116.799164,742.291748,-177.413864,76.111015,838.006531,418.830933,280.534210,641.699524
boink,1313.724731,1048.786499,1271.693237,-311.762207,-110.647057,646.342590,-291.221497,-117.134674,741.869080,-177.947540,74.801567,837.338684,418.830933,280.534210,641.699524
boink,1313.365967,1048.600464,1271.441895,-311.858276,-110.549927,646.899658,-290.666779,-116.676773,742.205322,-178.575943,73.204895,835.945190,418.830933,280.534210,641.699524
boink,1313.259033,1048.393188,1271.132446,-311.521179,-110.856537,646.285461,-290.979065,-116.981674,741.745728,-179.191635,72.303291,836.232422,418.830933,280.534210,641.699524
boink,1313.056152,1047.991577,1270.625366,-311.336578,-110.821411,645.941650,-290.812958,-116.524124,742.236267,-179.116943,71.509254,834.721069,418.830933,280.534210,641.699524
boink,1312.510620,1047.772217,1270.071899,-312.282532,-111.570869,645.549255,-291.073944,-116.830338,741.732239,-179.456421,71.052872,835.306946,418.830933,280.534210,641.699524
boink,1312.924194,1048.225708,1270.575195,-312.397003,-112.320595,644.337097,-291.024841,-116.500435,742.477417,-180.270966,70.056152,834.485901,418.830933,280.534210,641.699524
boink,1313.304810,1048.295776,1270.785889,-312.123108,-111.943802,644.553406,-291.279266,-116.992455,741.903076,-180.907837,68.779961,834.034973,418.830933,280.534210,641.699524
boink,1312.746094,1047.486572,1270.097778,-312.285980,-112.400940,644.562134,-291.342529,-116.530907,742.800964,-180.585632,68.583206,833.451477,418.830933,280.534210,641.699524
boink,1321.303101,1054.567261,1278.674927,-314.469360,-113.101318,648.873047,-292.481812,-117.138893,747.351135,-182.176987,68.036865,838.328979,421.568390,282.367767,645.893616
boink,1321.577148,1054.941406,1278.842407,-314.697723,-113.381126,648.304443,-293.281311,-117.832176,747.277222,-182.670898,67.738281,838.674316,421.568390,282.367767,645.893616
boink,1321.874512,1055.381958,1279.092773,-315.195831,-113.758804,648.293701,-293.195068,-117.283615,747.059692,-182.792526,66.695969,837.368225,421.568390,282.367767,645.893616
boink,1321.430664,1054.766602,1278.637329,-314.545837,-113.654579,647.365540,-293.540344,-117.931732,746.588623,-183.123718,66.180756,837.259399,421.568390,282.367767,645.893616
boink,1312.539673,1047.833008,1270.153076,-312.777649,-112.961372,643.852722,-291.011047,-116.543289,741.896240,-182.405090,65.075958,831.632874,418.830933,280.534210,641.699524
boink,1321.071899,1054.298340,1278.085449,-315.802490,-114.438232,647.231812,-293.057861,-117.420280,747.206909,-182.753937,65.765167,837.432922,421.568390,282.367767,645.893616
boink,1320.978271,1054.482056,1278.106323,-315.363403,-114.406677,647.140869,-292.880493,-117.255959,747.229919,-183.973022,64.481308,836.361633,421.568390,282.367767,645.893616
boink,1321.520508,1054.775635,1278.344849,-315.768372,-114.886406,646.917603,-292.732117,-117.193291,746.903870,-183.774597,64.550529,836.472839,421.568390,282.367767,645.893616
boink,1313.115479,1047.977051,1270.334717,-313.682190,-113.996773,642.500244,-290.891785,-116.433235,742.712036,-183.023407,63.547043,830.386963,418.830933,280.534210,641.699524
boink,1321.668335,1054.943848,1278.698975,-315.656372,-115.074966,646.493713,-293.124359,-117.475540,746.871033,-184.487579,63.355629,835.286682,421.568390,282.367767,645.893616
boink,1312.582031,1047.666016,1269.696655,-313.792358,-114.287094,642.465759,-291.267853,-116.405800,742.850708,-183.150162,62.836887,829.832153,418.830933,280.534210,641.699524
boink,1321.359497,1054.374878,1278.064819,-316.018372,-115.329773,645.807007,-293.459869,-117.951500,746.487061,-184.891510,62.479729,835.140381,421.568390,282.367767,645.893616
boink,1321.286499,1054.584595,1278.176514,-315.676971,-114.744102,646.527954,-293.099457,-117.286079,747.446472,-185.072113,62.045193,834.209351,421.568390,282.367767,645.893616
boink,1321.349243,1054.551636,1277.917480,-316.518860,-115.451561,646.628418,-292.899200,-117.335266,747.598511,-185.300964,62.112976,834.685852,421.568390,282.367767,645.893616
boink,1321.677002,1054.613403,1278.444946,-315.818512,-115.330025,645.656677,-293.222748,-117.154655,746.928650,-185.154373,61.250603,833.507263,421.568390,282.367767,645.893616
boink,1321.329712,1054.292480,1277.859253,-316.272614,-115.540398,645.843567,-293.549622,-117.145889,747.258484,-185.114746,61.131489,834.212402,421.568390,282.367767,645.893616
boink,1321.178589,1054.260376,1277.754883,-316.348328,-115.911156,645.273376,-293.346191,-117.064774,747.624084,-185.349243,60.657543,833.381836,421.568390,282.367767,645.893616
boink,1320.943481,1054.197388,1277.395508,-316.596161,-115.715225,645.914490,-293.359589,-117.338379,746.761230,-185.270874,60.773712,834.030273,421.568390,282.367767,645.893616
boink,1321.127197,1054.240112,1277.610718,-315.924713,-115.533974,645.813904,-293.464691,-117.399010,747.497803,-185.754913,60.376087,833.525635,421.568390,282.367767,645.893616
boink,1321.401733,1054.331299,1277.983398,-316.438873,-116.310867,644.970825,-293.213470,-117.101669,747.148621,-185.629578,60.068188,833.698303,421.568390,282.367767,645.893616
boink,1321.509155,1054.542603,1278.086548,-315.692139,-115.651009,644.976135,-292.945648,-117.302177,747.314880,-185.696930,59.944607,833.128601,421.568390,282.367767,645.893616
boink,1321.368164,1054.488525,1278.004883,-316.697205,-116.719940,644.871155,-292.647491,-116.936676,746.596436,-185.544724,59.951576,833.049377,421.568390,282.367767,645.893616
boink,1321.063110,1054.600342,1277.895752,-316.649414,-116.545052,645.064209,-292.895905,-117.050873,747.501221,-186.128357,59.034679,833.180054,421.568390,282.367767,645.893616
boink,1321.521484,1054.670532,1278.019409,-317.434174,-117.362022,643.688843,-293.301880,-117.316658,746.974670,-186.193115,58.946800,832.505859,421.568390,282.367767,645.893616
boink,1321.392822,1054.331421,1278.012085,-316.726166,-116.582771,644.406799,-293.335358,-117.253677,747.485352,-186.579147,58.201801,832.107788,421.568390,282.367767,645.893616
boink,1321.889771,1054.833008,1278.117920,-317.187561,-117.191925,643.934631,-293.195221,-117.276314,747.565552,-186.781418,57.922749,831.953430,421.568390,282.367767,645.893616
boink,1321.288818,1054.459717,1277.740845,-316.849792,-116.919853,644.580139,-293.128479,-117.065491,746.942810,-186.575745,58.125881,831.767151,421.568390,282.367767,645.893616
boink,1321.246216,1054.397095,1277.558838,-317.143250,-117.310753,643.967163,-292.534729,-116.603104,747.894836,-186.775162,57.860672,831.828247,421.568390,282.367767,645.893616
boink,1321.452881,1054.495483,1278.037354,-316.795898,-117.368614,643.089600,-292.666077,-116.868301,747.177551,-186.641739,57.723007,831.741150,421.568390,282.367767,645.893616
boink,1321.051636,1054.016235,1277.162598,-317.131897,-117.348358,643.697449,-292.503723,-116.934135,747.080566,-186.883530,57.234493,831.428162,421.568390,282.367767,645.893616
boink,1312.294067,1046.979248,1268.967651,-315.053314,-116.377121,639.570496,-290.743988,-115.918411,742.908264,-186.030487,56.743668,826.081482,418.830933,280.534210,641.699524
boink,1312.783447,1047.474243,1269.390869,-315.157654,-116.620605,638.745667,-291.413910,-116.514030,742.105957,-186.710922,56.474094,826.139709,418.830933,280.534210,641.699524
boink,1312.931641,1047.358521,1269.443848,-315.098694,-116.628632,639.210876,-291.436279,-116.545586,741.609009,-185.771255,56.160156,825.414246,418.830933,280.534210,641.699524
boink,1312.881592,1047.434204,1269.552979,-315.374359,-117.123810,638.773682,-291.087646,-116.460808,742.109558,-186.145691,55.615856,825.314209,418.830933,280.534210,641.699524
boink,1321.087402,1054.216675,1277.468872,-317.182556,-117.585640,643.408936,-293.577362,-117.764130,746.351929,-187.409271,56.366665,831.326477,421.568390,282.367767,645.893616
boink,1312.798584,1047.551392,1269.233154,-315.396240,-117.270004,638.171997,-291.300446,-116.279694,742.242371,-186.199646,56.229809,825.841125,418.830933,280.534210,641.699524
boink,1312.811523,1047.273438,1269.202637,-315.684814,-117.178726,638.912842,-290.455994,-115.492928,743.165222,-186.414749,55.449490,825.548950,418.830933,280.534210,641.699524
boink,1312.833130,1047.422729,1269.133179,-315.423615,-117.150795,639.403870,-290.824249,-116.106712,742.619629,-186.572784,55.422165,825.221924,418.830933,280.534210,641.699524
boink,1321.549316,1046.301880,1277.417969,-351.697235,-175.049469,563.982727,-309.408997,-121.954727,722.247742,-218.011322,25.565254,782.218262,421.568390,282.367767,645.893616
boink,1316.986938,1036.482056,1274.795288,-365.841003,-200.822876,520.388123,-314.164551,-122.020241,707.959534,-229.205444,17.490072,759.195312,418.830933,280.534210,641.699524
boink,1327.660156,1043.612183,1287.544922,-371.495026,-206.819122,515.230835,-318.456543,-121.864571,709.689758,-232.852890,17.775621,759.463318,421.568390,282.367767,645.893616
boink,1320.145386,1036.028320,1280.863159,-372.233978,-209.604691,506.293121,-318.277252,-122.168648,701.931641,-233.700394,15.901367,750.742249,418.830933,280.534210,641.699524
boink,1320.010376,1035.806519,1280.243164,-373.965454,-210.666306,506.634094,-317.075134,-120.870102,703.736511,-234.436981,15.467718,750.518066,418.830933,280.534210,641.699524
boink,1322.411011,1035.252319,1275.233398,-368.881866,-204.410355,524.392639,-316.768860,-125.999161,711.618896,-233.246735,10.529224,760.487915,421.568390,282.367767,645.893616
boink,1314.253906,1026.764648,1257.505493,-362.358154,-196.420059,542.371033,-312.217865,-129.137466,718.170227,-230.745117,3.968786,766.347595,421.568390,282.367767,645.893616
boink,1313.624756,1023.736816,1265.360229,-371.282288,-211.028687,508.541656,-316.596069,-123.787231,704.703491,-236.945908,5.612756,747.372498,418.830933,280.534210,641.699524
boink,1313.407837,1022.063293,1263.639648,-371.668060,-210.433701,509.008392,-315.826447,-122.104858,707.391968,-235.300079,7.811613,749.566895,418.830933,280.534210,641.699524
boink,1312.943726,1020.794006,1263.687988,-371.910431,-211.607513,507.187592,-316.329681,-123.446953,705.065979,-236.294632,6.232273,747.936707,418.830933,280.534210,641.699524
boink,1313.081909,1021.315857,1263.927002,-372.128784,-212.011414,506.780273,-315.955566,-122.334099,706.229797,-237.375809,5.395298,747.511658,418.830933,280.534210,641.699524
boink,1312.416870,1019.997742,1261.982788,-371.180756,-210.549927,509.262665,-315.243011,-122.749306,706.733459,-236.286682,5.169100,748.350830,418.830933,280.534210,641.699524
boink,1314.038574,1023.200256,1265.775757,-373.239868,-212.651291,504.934692,-315.761902,-120.235313,706.385925,-236.862503,7.061022,746.790039,418.830933,280.534210,641.699524
boink,1313.682007,1021.854675,1264.813599,-372.274902,-212.445328,505.088226,-315.973358,-121.688675,705.617126,-237.474564,5.249016,746.116272,418.830933,280.534210,641.699524
boink,1312.376953,1020.217590,1262.618652,-370.551910,-210.595734,506.700409,-315.595490,-121.110985,706.696716,-237.662582,4.533329,746.188904,418.830933,280.534210,641.699524
boink,1321.586548,1027.770752,1271.316650,-373.715027,-212.503693,510.848877,-317.374115,-121.783638,712.293335,-238.740112,5.624776,753.335449,421.568390,282.367767,645.893616
boink,1321.574219,1026.325195,1271.584717,-375.448120,-215.570038,507.156769,-318.295624,-123.238770,710.775146,-239.955688,2.628155,750.087341,421.568390,282.367767,645.893616
boink,1319.980591,1026.442017,1268.875610,-372.876923,-211.128067,513.013000,-317.587738,-122.610046,712.679138,-238.341537,4.404695,753.245544,421.568390,282.367767,645.893616
boink,1321.423340,1027.610474,1270.580933,-374.758789,-212.311127,512.364075,-317.134888,-121.502281,712.915527,-238.000397,5.263259,752.753174,421.568390,282.367767,645.893616
boink,1321.530151,1026.442993,1271.551392,-375.085876,-214.928818,508.794189,-318.347992,-123.327995,710.457214,-239.243820,2.851983,750.166443,421.568390,282.367767,645.893616
boink,1301.267578,1011.243713,1238.635498,-356.931091,-190.622101,546.974792,-308.082245,-127.638123,714.670471,-234.558060,-7.927512,752.911865,418.830933,280.534210,641.699524
boink,1303.025513,1010.092346,1242.087891,-362.384003,-200.856735,534.295532,-312.765411,-132.029190,709.043640,-239.364319,-15.014513,744.281067,418.830933,280.534210,641.699524
boink,1312.774658,1017.267212,1251.861206,-365.176849,-202.861206,536.237854,-314.623993,-132.155685,713.179260,-241.939774,-15.769030,749.269531,421.568390,282.367767,645.893616
boink,1308.935669,1016.543030,1245.989258,-361.882416,-196.341934,543.618591,-312.140411,-128.730606,718.354980,-237.382965,-10.012125,755.595703,421.568390,282.367767,645.893616
boink,1309.630737,1016.097778,1246.816895,-362.849213,-197.280762,541.490845,-311.980530,-128.194672,718.460632,-237.942383,-10.522194,754.084412,421.568390,282.367767,645.893616
boink,1316.493042,1018.212646,1259.845581,-371.798523,-209.148209,517.714783,-316.535004,-123.305489,712.152161,-243.996857,-7.966045,743.909241,421.568390,282.367767,645.893616
boink,1309.913452,1010.893188,1254.792480,-372.284180,-211.323105,506.369537,-315.473450,-119.674454,706.956482,-243.433197,-5.897398,737.527832,418.830933,280.534210,641.699524
boink,1317.406616,1016.476868,1261.284912,-374.208252,-211.620438,511.602722,-316.584167,-119.768898,712.563416,-244.763229,-5.928926,742.800903,421.568390,282.367767,645.893616
boink,1317.629272,1016.515198,1261.074341,-373.638824,-211.372986,512.182861,-316.504883,-120.569649,713.106384,-244.693100,-6.349063,742.871887,421.568390,282.367767,645.893616
boink,1307.523560,1009.435120,1251.691528,-370.394897,-209.253769,509.148041,-314.811676,-119.642906,708.021851,-242.480301,-5.705679,739.117615,418.830933,280.534210,641.699524
boink,1317.191895,1016.465881,1260.512451,-372.798737,-210.522156,512.728394,-316.014771,-119.509270,714.023193,-245.196823,-6.715197,743.406860,421.568390,282.367767,645.893616
boink,1319.064209,1018.359131,1264.447388,-375.481140,-213.658051,508.113953,-317.912354,-119.801575,711.443298,-246.237274,-6.496271,740.484619,421.568390,282.367767,645.893616
boink,1312.165771,1010.748718,1258.852539,-375.832947,-215.359253,499.706879,-317.394196,-118.550148,704.253296,-245.698303,-5.467239,733.070740,418.830933,280.534210,641.699524
boink,1310.902222,1010.158630,1257.780640,-373.432617,-214.173981,500.019745,-317.408600,-118.597450,705.028198,-245.918808,-6.549696,733.377991,418.830933,280.534210,641.699524
boink,1313.058716,1011.611633,1260.357300,-375.718323,-216.268860,498.090332,-317.279083,-119.081825,703.110596,-246.271271,-7.326806,732.913696,418.830933,280.534210,641.699524
boink,1319.349854,1016.141357,1265.395386,-376.485504,-215.588150,504.032349,-319.673645,-120.208496,709.190247,-248.184006,-8.142899,737.532349,421.568390,282.367767,645.893616
boink,1317.707153,1013.678345,1260.481079,-374.751099,-213.982422,508.886353,-317.425323,-121.361000,712.267456,-246.229401,-9.469747,740.845947,421.568390,282.367767,645.893616
boink,1316.263916,1013.448181,1258.614868,-373.568665,-212.223160,511.295380,-317.133728,-121.289665,712.601807,-245.668625,-8.785367,741.930054,421.568390,282.367767,645.893616
boink,1318.962036,1013.607056,1263.524048,-377.981415,-220.303696,501.024139,-319.898010,-123.953117,708.092834,-249.488098,-13.015313,735.359741,421.568390,282.367767,645.893616
boink,1306.757080,1000.915100,1248.484863,-368.872925,-205.433960,514.345581,-312.517914,-117.423691,711.512390,-247.832245,-18.045135,729.842163,418.830933,280.534210,641.699524
boink,1315.473755,1003.121704,1254.684448,-374.424377,-213.132233,510.222168,-314.939331,-119.291664,716.085205,-250.268570,-18.834709,733.901001,421.568390,282.367767,645.893616
boink,1307.539673,996.942078,1247.948486,-373.352844,-213.803619,503.956512,-314.723969,-119.452042,709.454651,-250.413361,-20.050972,726.966064,418.830933,280.534210,641.699524
boink,1308.349243,996.944763,1248.463501,-374.132996,-214.833633,502.845184,-314.012054,-119.599152,709.201721,-251.202301,-20.969706,726.756226,418.830933,280.534210,641.699524
boink,1304.547729,995.051392,1242.060059,-370.444550,-209.533951,511.044189,-312.815063,-119.499107,712.125793,-247.614319,-19.081762,731.251709,418.830933,280.534210,641.699524
boink,1307.639404,996.794006,1248.272217,-377.024536,-222.248657,493.050812,-315.030884,-118.131218,708.175171,-252.452957,-21.923897,723.155396,418.830933,280.534210,641.699524
boink,1308.772095,997.757263,1250.164307,-378.450378,-222.753204,490.636505,-315.558319,-116.899002,707.810730,-252.602753,-20.357038,721.940796,418.830933,280.534210,641.699524
boink,1296.493896,989.158325,1225.818726,-367.673981,-208.601654,519.047974,-310.284454,-122.692001,714.509766,-245.552109,-22.884029,734.493591,418.830933,280.534210,641.699524
boink,1295.244141,985.040222,1222.953491,-369.107208,-214.699936,516.497375,-312.754303,-129.986496,709.557495,-250.923935,-34.970734,726.405090,418.830933,280.534210,641.699524
boink,1295.809082,986.402893,1224.243042,-370.217896,-214.594650,514.619141,-311.275299,-126.103218,712.291748,-249.983093,-31.938026,727.784546,418.830933,280.534210,641.699524
boink,1296.703247,986.852417,1225.634277,-371.063782,-215.062897,511.802490,-311.351685,-123.744766,713.589355,-249.361694,-30.177998,728.073853,418.830933,280.534210,641.699524
boink,1297.879272,985.799500,1227.322754,-373.329987,-220.228729,507.492981,-313.457886,-128.599350,707.790710,-252.921616,-35.679489,722.929382,418.830933,280.534210,641.699524
boink,1292.890991,984.251099,1218.113159,-367.535065,-210.674377,522.237976,-310.798615,-128.106201,712.589539,-247.099350,-31.988028,731.057556,418.830933,280.534210,641.699524
boink,1293.632935,985.169373,1219.552979,-368.404785,-212.013779,519.364441,-310.720337,-127.446968,712.424561,-247.948318,-32.006554,729.966553,418.830933,280.534210,641.699524
boink,1303.029907,991.353760,1229.369019,-371.858582,-215.885071,520.646790,-313.554352,-129.405853,715.897522,-251.527283,-34.832443,732.188538,421.568390,282.367767,645.893616
boink,1303.229126,991.701782,1230.361084,-372.259583,-216.551514,518.431885,-314.479645,-129.586884,715.118042,-251.981552,-35.033302,732.070068,421.568390,282.367767,645.893616
boink,1295.315186,985.176636,1222.827271,-370.318237,-216.499390,513.916077,-313.100677,-129.776901,709.762207,-250.817734,-35.913231,725.590088,418.830933,280.534210,641.699524
boink,1295.460327,985.081970,1222.976562,-370.237823,-216.378220,513.973511,-312.913849,-129.872101,709.477783,-250.629807,-35.893177,725.338501,418.830933,280.534210,641.699524
boink,1295.208862,985.339111,1222.879028,-370.237244,-216.210541,514.180664,-312.217682,-128.878098,709.740234,-250.971313,-36.413254,725.111084,418.830933,280.534210,641.699524
boink,1295.676025,985.801331,1223.379150,-370.276154,-216.015030,514.520081,-312.472351,-128.908386,710.111328,-251.024826,-36.238590,725.474182,418.830933,280.534210,641.699524
boink,1295.207886,985.321350,1222.802124,-370.184601,-215.889938,514.485168,-311.915344,-128.609512,710.039551,-250.241882,-35.453037,725.984802,418.830933,280.534210,641.699524
boink,1295.146606,984.504395,1222.193970,-370.076324,-216.183105,514.531982,-312.497711,-128.985428,711.275940,-250.612885,-36.290226,725.659912,418.830933,280.534210,641.699524
boink,1294.972900,984.788452,1222.284546,-370.719421,-216.581070,514.636902,-312.200104,-129.270920,709.674683,-251.838394,-36.853050,725.411682,418.830933,280.534210,641.699524
boink,1295.905029,985.402283,1223.104004,-369.969971,-215.865555,514.221069,-311.949951,-128.693604,710.620361,-251.131042,-36.358780,725.406250,418.830933,280.534210,641.699524
boink,1304.567627,992.588013,1231.883057,-372.624023,-217.658249,516.983215,-313.809570,-128.635666,715.967712,-252.474991,-36.297455,730.260376,421.568390,282.367767,645.893616
boink,1294.857422,985.715820,1222.406372,-370.313416,-215.585007,513.680847,-311.363403,-126.894646,712.012268,-250.502808,-35.172104,726.004456,418.830933,280.534210,641.699524
boink,1303.646362,991.181396,1230.734131,-373.691925,-218.735458,516.052917,-314.344971,-129.554245,714.939636,-253.154358,-37.254612,729.548340,421.568390,282.367767,645.893616
boink,1295.509277,984.814941,1223.026001,-370.976929,-217.766983,511.635590,-312.388855,-128.916260,710.243896,-251.734955,-37.252472,724.507202,418.830933,280.534210,641.699524
boink,1295.982544,985.009766,1223.631348,-371.741821,-218.527969,511.453644,-313.006714,-129.365265,709.409119,-252.279755,-38.067688,723.455505,418.830933,280.534210,641.699524
boink,1295.600464,983.199829,1222.826050,-373.036102,-221.202957,509.585114,-313.972412,-132.234207,705.897278,-254.039780,-41.550213,719.821350,418.830933,280.534210,641.699524
boink,1295.651611,983.824829,1222.570557,-371.864655,-219.953232,510.290314,-313.755676,-130.984650,707.957458,-253.297974,-40.374870,721.819763,418.830933,280.534210,641.699524
boink,1295.387573,984.226257,1222.734131,-371.835022,-219.441833,510.818329,-313.452393,-130.957184,707.942078,-253.250656,-40.464489,721.748962,418.830933,280.534210,641.699524
boink,1295.604492,984.137573,1222.920776,-371.731323,-219.549545,510.732727,-313.673798,-130.876602,708.131042,-253.166473,-40.546043,721.838440,418.830933,280.534210,641.699524
boink,1295.144409,983.581116,1222.203979,-371.713043,-219.539932,511.289520,-313.946136,-131.541672,706.840454,-253.850952,-40.908905,721.399841,418.830933,280.534210,641.699524
boink,1294.537109,983.346802,1221.426636,-371.923035,-219.718521,510.642761,-314.004364,-131.327408,707.686218,-253.188675,-40.551144,721.499451,418.830933,280.534210,641.699524
boink,1295.045898,983.703857,1222.003540,-371.380890,-219.029785,511.416351,-313.311798,-130.338303,708.789124,-253.605988,-41.015972,721.307800,418.830933,280.534210,641.699524
boink,1303.667847,990.627319,1230.478027,-374.128357,-220.687943,514.467468,-315.634308,-131.421753,712.964172,-255.585953,-41.662968,726.230103,421.568390,282.367767,645.893616
boink,1295.361938,984.491455,1222.709595,-371.933136,-219.404709,511.157928,-313.220245,-130.406326,708.051941,-253.057098,-40.734024,722.086121,418.830933,280.534210,641.699524
boink,1295.194092,983.937195,1222.322510,-371.970978,-219.328720,511.272980,-313.207092,-130.838608,707.492249,-253.366486,-40.906624,721.595581,418.830933,280.534210,641.699524
boink,1294.735718,983.692444,1221.886841,-371.834381,-219.883652,510.199036,-313.176697,-130.544479,708.699158,-253.554184,-41.345085,721.139526,418.830933,280.534210,641.699524
boink,1295.406494,984.384949,1222.846436,-372.278137,-220.369553,510.072723,-313.932343,-130.661819,708.014526,-253.811935,-41.424976,721.158325,418.830933,280.534210,641.699524
boink,1304.383911,991.058228,1231.675049,-375.072754,-221.630096,512.380554,-315.122772,-129.782684,714.327881,-255.204208,-40.356934,727.013245,421.568390,282.367767,645.893616
boink,1295.925171,984.293457,1223.624023,-373.176697,-221.214600,508.258789,-313.393127,-129.621277,708.771423,-253.978592,-41.242294,720.502014,418.830933,280.534210,641.699524
boink,1296.019409,984.247070,1223.762817,-373.254669,-221.364365,507.524811,-313.636414,-129.538635,708.130554,-254.397354,-41.542564,719.603882,418.830933,280.534210,641.699524
boink,1296.238770,984.643677,1224.416626,-373.724121,-221.943146,507.545593,-313.951874,-129.904968,708.614502,-254.477478,-41.604984,719.858032,418.830933,280.534210,641.699524
boink,1296.336426,984.659302,1224.046143,-373.088226,-221.457703,507.646210,-313.724518,-129.890747,707.705872,-254.356995,-41.525356,719.531677,418.830933,280.534210,641.699524
boink,1295.734253,983.912659,1223.228271,-372.850189,-221.177338,507.723816,-313.936188,-130.403381,708.004578,-254.217209,-41.792049,720.148254,418.830933,280.534210,641.699524
boink,1295.930176,984.131042,1223.544800,-372.891510,-221.236191,507.712372,-313.365295,-130.123642,708.324829,-254.745300,-42.509041,719.492310,418.830933,280.534210,641.699524
boink,1295.188721,983.372192,1222.129150,-371.766296,-220.006546,509.900238,-313.392914,-130.651703,708.135864,-253.932709,-42.138386,721.741089,418.830933,280.534210,641.699524
boink,1304.022339,990.572266,1230.862183,-374.680176,-222.509003,512.275330,-315.516052,-131.575821,712.470154,-255.327682,-42.780678,724.212646,421.568390,282.367767,645.893616
boink,1295.212158,984.194519,1222.292114,-372.036896,-220.400894,509.202972,-313.296082,-130.016327,708.868713,-253.725357,-41.884468,720.161072,418.830933,280.534210,641.699524
boink,1286.911987,985.464294,1201.759399,-365.365570,-201.836319,533.298584,-307.107910,-126.074379,727.673279,-241.879364,-35.252716,744.387146,421.568390,282.367767,645.893616
boink,1270.686401,986.171265,1178.677979,-363.403381,-192.977188,538.595459,-293.176270,-111.474159,750.086121,-232.480789,-24.180098,761.622925,421.568390,282.367767,645.893616
boink,1270.760376,986.151978,1178.877930,-363.954651,-193.583298,537.442444,-292.883362,-110.805382,750.684204,-232.462357,-24.255081,761.267273,421.568390,282.367767,645.893616
boink,1270.515747,986.034546,1178.713867,-364.244843,-194.140808,537.244202,-293.258179,-111.377373,749.903442,-232.293823,-24.041168,760.893372,421.568390,282.367767,645.893616
boink,1261.769897,978.987427,1170.402710,-361.636139,-192.340439,533.945190,-290.866821,-110.520370,745.466064,-231.022446,-24.378344,755.478699,418.830933,280.534210,641.699524
boink,1270.632202,985.975525,1178.539307,-364.165588,-193.981171,536.823059,-293.080933,-111.292221,749.952271,-232.736908,-24.347256,761.180542,421.568390,282.367767,645.893616
boink,1262.502930,979.657837,1171.158936,-361.718384,-192.567551,533.596619,-291.548523,-111.069962,744.591003,-230.454620,-23.805374,756.046448,418.830933,280.534210,641.699524
boink,1262.129395,979.388977,1170.747559,-361.782257,-192.924774,533.271606,-292.100647,-110.929703,745.055969,-231.117416,-24.354254,755.830261,418.830933,280.534210,641.699524
boink,1262.414062,980.080750,1171.315918,-361.680359,-192.797577,533.809509,-291.180969,-110.893112,744.567261,-230.338852,-23.545565,756.635620,418.830933,280.534210,641.699524
boink,1262.215332,979.763733,1170.921509,-361.413574,-192.586975,533.487488,-291.427612,-110.781502,744.465881,-230.768967,-24.075603,755.701904,418.830933,280.534210,641.699524
boink,1280.625854,975.096558,1196.361206,-379.890564,-226.545609,486.101471,-307.146606,-121.964211,719.227844,-253.885422,-44.829197,720.883423,418.830933,280.534210,641.699524
nine,999,-999,999,-999,999,-999,999,-999,999,-999,999,-999,999,-999,999
nine,999,-999,999,-999,999,-999,999,-999,999,-999,999,-999,999,-999,999
nine,999,-999,999,-999,999,-999,999,-999,999,-999,999,-999,999,-999,999
nine,999,-999,999,-999,999,-999,999,-999,999,-999,999,-999,999,-999,999
nine,999,-999,999,-999,999,-999,999,-999,999,-999,999,-999,999,-999,999
nine,999,-999,999,-999,999,-999,999,-999,999,-999,999,-999,999,-999,999
nine,999,-999,999,-999,999,-999,999,-999,999,-999,999,-999,999,-999,999
nine,999,-999,999,-999,999,-999,999,-999,999,-999,999,-999,999,-999,999
nine,999,-999,999,-999,999,-999,999,-999,999,-999,999,-999,999,-999,999
nine,999,-999,999,-999,999,-999,999,-999,999,-999,999,-999,999,-999,999
nine,999,-999,999,-999,999,-999,999,-999,999,-999,999,-999,999,-999,999
nine,999,-999,999,-999,999,-999,999,-999,999,-999,999,-999,999,-999,999
nine,999,-999,999,-999,999,-999,999,-999,999,-999,999,-999,999,-999,999
nine,999,-999,999,-999,999,-999,999,-999,999,-999,999,-999,999,-999,999
nine,999,-999,999,-999,999,-999,999,-999,999,-999,999,-999,999,-999,999
nine,999,-999,999,-999,999,-999,999,-999,999,-999,999,-999,999,-999,999
nine,999,-999,999,-999,999,-999,999,-999,999,-999,999,-999,999,-999,999
nine,999,-999,999,-999,999,-999,999,-999,999,-999,999,-999,999,-999,999
nine,999,-999,999,-999,999,-999,999,-999,999,-999,999,-999,999,-999,999
nine,999,-999,999,-999,999,-999,999,-999,999,-999,999,-999,999,-999,999
nine,999,-999,999,-999,999,-999,999,-999,999,-999,999,-999,999,-999,999
nine,999,-999,999,-999,999,-999,999,-999,999,-999,999,-999,999,-999,999
nine,999,-999,999,-999,999,-999,999,-999,999,-999,999,-999,999,-999,999
nine,999,-999,999,-999,999,-999,999,-999,999,-999,999,-999,999,-999,999
nine,999,-999,999,-999,999,-999,999,-999,999,-999,999,-999,999,-999,999
nine,999,-999,999,-999,999,-999,999,-999,999,-999,999,-999,999,-999,999
nine,999,-999,999,-999,999,-999,999,-999,999,-999,999,-999,999,-999,999
nine,999,-999,999,-999,999,-999,999,-999,999,-999,999,-999,999,-999,999
nine,999,-999,999,-999,999,-999,999,-999,999,-999,999,-999,999,-999,999
nine,999,-999,999,-999,999,-999,999,-999,999,-999,999,-999,999,-999,999
nine,999,-999,999,-999,999,-999,999,-999,999,-999,999,-999,999,-999,999
nine,999,-999,999,-999,999,-999,999,-999,999,-999,999,-999,999,-999,999
nine,999,-999,999,-999,999,-999,999,-999,999,-999,999,-999,999,-999,999
nine,999,-999,999,-999,999,-999,999,-999,999,-999,999,-999,999,-999,999
nine,999,-999,999,-999,999,-999,999,-999,999,-999,999,-999,999,-999,999
nine,999,-999,999,-999,999,-999,999,-999,999,-999,999,-999,999,-999,999
nine,999,-999,999,-999,999,-999,999,-999,999,-999,999,-999,999,-999,999
nine,999,-999,999,-999,999,-999,999,-999,999,-999,999,-999,999,-999,999
nine,999,-999,999,-999,999,-999,999,-999,999,-999,999,-999,999,-999,999
nine,999,-999,999,-999,999,-999,999,-999,999,-999,999,-999,999,-999,999
nine,999,-999,999,-999,999,-999,999,-999,999,-999,999,-999,999,-999,999
nine,999,-999,999,-999,999,-999,999,-999,999,-999,999,-999,999,-999,999
nine,999,-999,999,-999,999,-999,999,-999,999,-999,999,-999,999,-999,999
nine,999,-999,999,-999,999,-999,999,-999,999,-999,999,-999,999,-999,999
nine,999,-999,999,-999,999,-999,999,-999,999,-999,999,-999,999,-999,999
nine,999,-999,999,-999,999,-999,999,-999,999,-999,999,-999,999,-999,999
nine,999,-999,999,-999,999,-999,999,-999,999,-999,999,-999,999,-999,999
nine,999,-999,999,-999,999,-999,999,-999,999,-999,999,-999,999,-999,999
nine,999,-999,999,-999,999,-999,999,-999,999,-999,999,-999,999,-999,999
nine,999,-999,999,-999,999,-999,999,-999,999,-999,999,-999,999,-999,999
nine,999,-999,999,-999,999,-999,999,-999,999,-999,999,-999,999,-999,999
nine,999,-999,999,-999,999,-999,999,-999,999,-999,999,-999,999,-999,999
nine,999,-999,999,-999,999,-999,999,-999,999,-999,999,-999,999,-999,999
nine,999,-999,999,-999,999,-999,999,-999,999,-999,999,-999,999,-999,999
nine,999,-999,999,-999,999,-999,999,-999,999,-999,999,-999,999,-999,999
nine,999,-999,999,-999,999,-999,999,-999,999,-999,999,-999,999,-999,999
nine,999,-999,999,-999,999,-999,999,-999,999,-999,999,-999,999,-999,999
nine,999,-999,999,-999,999,-999,999,-999,999,-999,999,-999,999,-999,999
nine,999,-999,999,-999,999,-999,999,-999,999,-999,999,-999,999,-999,999
nine,999,-999,999,-999,999,-999,999,-999,999,-999,999,-999,999,-999,999
nine,999,-999,999,-999,999,-999,999,-999,999,-999,999,-999,999,-999,999
nine,999,-999,999,-999,999,-999,999,-999,999,-999,999,-999,999,-999,999
nine,999,-999,999,-999,999,-999,999,-999,999,-999,999,-999,999,-999,999
nine,999,-999,999,-999,999,-999,999,-999,999,-999,999,-999,999,-999,999
nine,999,-999,999,-999,999,-999,999,-999,999,-999,999,-999,999,-999,999
nine,999,-999,999,-999,999,-999,999,-999,999,-999,999,-999,999,-999,999
nine,999,-999,999,-999,999,-999,999,-999,999,-999,999,-999,999,-999,999
nine,999,-999,999,-999,999,-999,999,-999,999,-999,999,-999,999,-999,999
nine,999,-999,999,-999,999,-999,999,-999,999,-999,999,-999,999,-999,999
nine,999,-999,999,-999,999,-999,999,-999,999,-999,999,-999,999,-999,999
nine,999,-999,999,-999,999,-999,999,-999,999,-999,999,-999,999,-999,999
nine,999,-999,999,-999,999,-999,999,-999,999,-999,999,-999,999,-999,999
nine,999,-999,999,-999,999,-999,999,-999,999,-999,999,-999,999,-999,999
nine,999,-999,999,-999,999,-999,999,-999,999,-999,999,-999,999,-999,999
nine,999,-999,999,-999,999,-999,999,-999,999,-999,999,-999,999,-999,999
nine,999,-999,999,-999,999,-999,999,-999,999,-999,999,-999,999,-999,999
nine,999,-999,999,-999,999,-999,999,-999,999,-999,999,-999,999,-999,999
nine,999,-999,999,-999,999,-999,999,-999,999,-999,999,-999,999,-999,999
nine,999,-999,999,-999,999,-999,999,-999,999,-999,999,-999,999,-999,999
nine,999,-999,999,-999,999,-999,999,-999,999,-999,999,-999,999,-999,999
nine,999,-999,999,-999,999,-999,999,-999,999,-999,999,-999,999,-999,999
nine,999,-999,999,-999,999,-999,999,-999,999,-999,999,-999,999,-999,999
nine,999,-999,999,-999,999,-999,999,-999,999,-999,999,-999,999,-999,999
nine,999,-999,999,-999,999,-999,999,-999,999,-999,999,-999,999,-999,999
nine,999,-999,999,-999,999,-999,999,-999,999,-999,999,-999,999,-999,999
nine,999,-999,999,-999,999,-999,999,-999,999,-999,999,-999,999,-999,999
nine,999,-999,999,-999,999,-999,999,-999,999,-999,999,-999,999,-999,999
nine,999,-999,999,-999,999,-999,999,-999,999,-999,999,-999,999,-999,999
nine,999,-999,999,-999,999,-999,999,-999,999,-999,999,-999,999,-999,999
nine,999,-999,999,-999,999,-999,999,-999,999,-999,999,-999,999,-999,999
nine,999,-999,999,-999,999,-999,999,-999,999,-999,999,-999,999,-999,999
nine,999,-999,999,-999,999,-999,999,-999,999,-999,999,-999,999,-999,999
nine,999,-999,999,-999,999,-999,999,-999,999,-999,999,-999,999,-999,999
nine,999,-999,999,-999,999,-999,999,-999,999,-999,999,-999,999,-999,999
nine,999,-999,999,-999,999,-999,999,-999,999,-999,999,-999,999,-999,999
nine,999,-999,999,-999,999,-999,999,-999,999,-999,999,-999,999,-999,999
nine,999,-999,999,-999,999,-999,999,-999,999,-999,999,-999,999,-999,999
nine,999,-999,999,-999,999,-999,999,-999,999,-999,999,-999,999,-999,999
nine,999,-999,999,-999,999,-999,999,-999,999,-999,999,-999,999,-999,999
nine,999,-999,999,-999,999,-999,999,-999,999,-999,999,-999,999,-999,999
nine,999,-999,999,-999,999,-999,999,-999,999,-999,999,-999,999,-999,999
nine,999,-999,999,-999,999,-999,999,-999,999,-999,999,-999,999,-999,999
nine,999,-999,999,-999,999,-999,999,-999,999,-999,999,-999,999,-999,999
nine,999,-999,999,-999,999,-999,999,-999,999,-999,999,-999,999,-999,999
nine,999,-999,999,-999,999,-999,999,-999,999,-999,999,-999,999,-999,999
nine,999,-999,999,-999,999,-999,999,-999,999,-999,999,-999,999,-999,999
nine,999,-999,999,-999,999,-999,999,-999,999,-999,999,-999,999,-999,999
nine,999,-999,999,-999,999,-999,999,-999,999,-999,999,-999,999,-999,999
nine,999,-999,999,-999,999,-999,999,-999,999,-999,999,-999,999,-999,999
nine,999,-999,999,-999,999,-999,999,-999,999,-999,999,-999,999,-999,999
nine,999,-999,999,-999,999,-999,999,-999,999,-999,999,-999,999,-999,999
nine,999,-999,999,-999,999,-999,999,-999,999,-999,999,-999,999,-999,999
nine,999,-999,999,-999,999,-999,999,-999,999,-999,999,-999,999,-999,999
nine,999,-999,999,-999,999,-999,999,-999,999,-999,999,-999,999,-999,999
nine,999,-999,999,-999,999,-999,999,-999,999,-999,999,-999,999,-999,999
zero,0,0,0,0,0,0,0,0,0,0,0,0,0,0,0
zero,0,0,0,0,0,0,0,0,0,0,0,0,0,0,0
zero,0,0,0,0,0,0,0,0,0,0,0,0,0,0,0
zero,0,0,0,0,0,0,0,0,0,0,0,0,0,0,0
zero,0,0,0,0,0,0,0,0,0,0,0,0,0,0,0
zero,0,0,0,0,0,0,0,0,0,0,0,0,0,0,0
zero,0,0,0,0,0,0,0,0,0,0,0,0,0,0,0
zero,0,0,0,0,0,0,0,0,0,0,0,0,0,0,0
zero,0,0,0,0,0,0,0,0,0,0,0,0,0,0,0
zero,0,0,0,0,0,0,0,0,0,0,0,0,0,0,0
zero,0,0,0,0,0,0,0,0,0,0,0,0,0,0,0
zero,0,0,0,0,0,0,0,0,0,0,0,0,0,0,0
zero,0,0,0,0,0,0,0,0,0,0,0,0,0,0,0
zero,0,0,0,0,0,0,0,0,0,0,0,0,0,0,0
zero,0,0,0,0,0,0,0,0,0,0,0,0,0,0,0
zero,0,0,0,0,0,0,0,0,0,0,0,0,0,0,0
zero,0,0,0,0,0,0,0,0,0,0,0,0,0,0,0
zero,0,0,0,0,0,0,0,0,0,0,0,0,0,0,0
zero,0,0,0,0,0,0,0,0,0,0,0,0,0,0,0
zero,0,0,0,0,0,0,0,0,0,0,0,0,0,0,0
zero,0,0,0,0,0,0,0,0,0,0,0,0,0,0,0
zero,0,0,0,0,0,0,0,0,0,0,0,0,0,0,0
zero,0,0,0,0,0,0,0,0,0,0,0,0,0,0,0
zero,0,0,0,0,0,0,0,0,0,0,0,0,0,0,0
zero,0,0,0,0,0,0,0,0,0,0,0,0,0,0,0
zero,0,0,0,0,0,0,0,0,0,0,0,0,0,0,0
zero,0,0,0,0,0,0,0,0,0,0,0,0,0,0,0
zero,0,0,0,0,0,0,0,0,0,0,0,0,0,0,0
zero,0,0,0,0,0,0,0,0,0,0,0,0,0,0,0
zero,0,0,0,0,0,0,0,0,0,0,0,0,0,0,0
zero,0,0,0,0,0,0,0,0,0,0,0,0,0,0,0
zero,0,0,0,0,0,0,0,0,0,0,0,0,0,0,0
zero,0,0,0,0,0,0,0,0,0,0,0,0,0,0,0
zero,0,0,0,0,0,0,0,0,0,0,0,0,0,0,0
zero,0,0,0,0,0,0,0,0,0,0,0,0,0,0,0
zero,0,0,0,0,0,0,0,0,0,0,0,0,0,0,0
zero,0,0,0,0,0,0,0,0,0,0,0,0,0,0,0
zero,0,0,0,0,0,0,0,0,0,0,0,0,0,0,0
zero,0,0,0,0,0,0,0,0,0,0,0,0,0,0,0
zero,0,0,0,0,0,0,0,0,0,0,0,0,0,0,0
zero,0,0,0,0,0,0,0,0,0,0,0,0,0,0,0
zero,0,0,0,0,0,0,0,0,0,0,0,0,0,0,0
zero,0,0,0,0,0,0,0,0,0,0,0,0,0,0,0
zero,0,0,0,0,0,0,0,0,0,0,0,0,0,0,0
zero,0,0,0,0,0,0,0,0,0,0,0,0,0,0,0
zero,0,0,0,0,0,0,0,0,0,0,0,0,0,0,0
zero,0,0,0,0,0,0,0,0,0,0,0,0,0,0,0
zero,0,0,0,0,0,0,0,0,0,0,0,0,0,0,0
zero,0,0,0,0,0,0,0,0,0,0,0,0,0,0,0
zero,0,0,0,0,0,0,0,0,0,0,0,0,0,0,0
zero,0,0,0,0,0,0,0,0,0,0,0,0,0,0,0
zero,0,0,0,0,0,0,0,0,0,0,0,0,0,0,0
zero,0,0,0,0,0,0,0,0,0,0,0,0,0,0,0
zero,0,0,0,0,0,0,0,0,0,0,0,0,0,0,0
zero,0,0,0,0,0,0,0,0,0,0,0,0,0,0,0
zero,0,0,0,0,0,0,0,0,0,0,0,0,0,0,0
zero,0,0,0,0,0,0,0,0,0,0,0,0,0,0,0
zero,0,0,0,0,0,0,0,0,0,0,0,0,0,0,0
zero,0,0,0,0,0,0,0,0,0,0,0,0,0,0,0
zero,0,0,0,0,0,0,0,0,0,0,0,0,0,0,0
zero,0,0,0,0,0,0,0,0,0,0,0,0,0,0,0
zero,0,0,0,0,0,0,0,0,0,0,0,0,0,0,0
zero,0,0,0,0,0,0,0,0,0,0,0,0,0,0,0
zero,0,0,0,0,0,0,0,0,0,0,0,0,0,0,0
zero,0,0,0,0,0,0,0,0,0,0,0,0,0,0,0
zero,0,0,0,0,0,0,0,0,0,0,0,0,0,0,0
zero,0,0,0,0,0,0,0,0,0,0,0,0,0,0,0
zero,0,0,0,0,0,0,0,0,0,0,0,0,0,0,0
zero,0,0,0,0,0,0,0,0,0,0,0,0,0,0,0
zero,0,0,0,0,0,0,0,0,0,0,0,0,0,0,0
zero,0,0,0,0,0,0,0,0,0,0,0,0,0,0,0
zero,0,0,0,0,0,0,0,0,0,0,0,0,0,0,0
zero,0,0,0,0,0,0,0,0,0,0,0,0,0,0,0
zero,0,0,0,0,0,0,0,0,0,0,0,0,0,0,0
zero,0,0,0,0,0,0,0,0,0,0,0,0,0,0,0
zero,0,0,0,0,0,0,0,0,0,0,0,0,0,0,0
zero,0,0,0,0,0,0,0,0,0,0,0,0,0,0,0
zero,0,0,0,0,0,0,0,0,0,0,0,0,0,0,0
zero,0,0,0,0,0,0,0,0,0,0,0,0,0,0,0
zero,0,0,0,0,0,0,0,0,0,0,0,0,0,0,0
zero,0,0,0,0,0,0,0,0,0,0,0,0,0,0,0
zero,0,0,0,0,0,0,0,0,0,0,0,0,0,0,0
zero,0,0,0,0,0,0,0,0,0,0,0,0,0,0,0
zero,0,0,0,0,0,0,0,0,0,0,0,0,0,0,0
zero,0,0,0,0,0,0,0,0,0,0,0,0,0,0,0
zero,0,0,0,0,0,0,0,0,0,0,0,0,0,0,0
zero,0,0,0,0,0,0,0,0,0,0,0,0,0,0,0
zero,0,0,0,0,0,0,0,0,0,0,0,0,0,0,0
zero,0,0,0,0,0,0,0,0,0,0,0,0,0,0,0
zero,0,0,0,0,0,0,0,0,0,0,0,0,0,0,0
zero,0,0,0,0,0,0,0,0,0,0,0,0,0,0,0
zero,0,0,0,0,0,0,0,0,0,0,0,0,0,0,0
zero,0,0,0,0,0,0,0,0,0,0,0,0,0,0,0
zero,0,0,0,0,0,0,0,0,0,0,0,0,0,0,0
zero,0,0,0,0,0,0,0,0,0,0,0,0,0,0,0
zero,0,0,0,0,0,0,0,0,0,0,0,0,0,0,0
zero,0,0,0,0,0,0,0,0,0,0,0,0,0,0,0
zero,0,0,0,0,0,0,0,0,0,0,0,0,0,0,0
zero,0,0,0,0,0,0,0,0,0,0,0,0,0,0,0
zero,0,0,0,0,0,0,0,0,0,0,0,0,0,0,0
zero,0,0,0,0,0,0,0,0,0,0,0,0,0,0,0
zero,0,0,0,0,0,0,0,0,0,0,0,0,0,0,0
zero,0,0,0,0,0,0,0,0,0,0,0,0,0,0,0
zero,0,0,0,0,0,0,0,0,0,0,0,0,0,0,0
zero,0,0,0,0,0,0,0,0,0,0,0,0,0,0,0
zero,0,0,0,0,0,0,0,0,0,0,0,0,0,0,0
zero,0,0,0,0,0,0,0,0,0,0,0,0,0,0,0
zero,0,0,0,0,0,0,0,0,0,0,0,0,0,0,0
zero,0,0,0,0,0,0,0,0,0,0,0,0,0,0,0
zero,0,0,0,0,0,0,0,0,0,0,0,0,0,0,0
zero,0,0,0,0,0,0,0,0,0,0,0,0,0,0,0
zero,0,0,0,0,0,0,0,0,0,0,0,0,0,0,0
zero,0,0,0,0,0,0,0,0,0,0,0,0,0,0,0
zero,0,0,0,0,0,0,0,0,0,0,0,0,0,0,0
zero,0,0,0,0,0,0,0,0,0,0,0,0,0,0,0
zero,0,0,0,0,0,0,0,0,0,0,0,0,0,0,0
zero,0,0,0,0,0,0,0,0,0,0,0,0,0,0,0
zero,0,0,0,0,0,0,0,0,0,0,0,0,0,0,0